Z200;AFGHANISTAN
Z201;ARABIA MERIDIONALE FEDERAZIONE
Z202;ARABIA MERIDIONALE PROTETTORATO
Z203;ARABIA SAUDITA
Z252;ARMENIA
Z253;AZERBAIGIAN
Z204;BAHREIN
Z249;BANGLADESH
Z205;BHUTAN
Z207;BRUNEI
Z208;CAMBOGIA
Z211;CIPRO
Z212;COCOS (ISOLE)
Z215;EMIRATI ARABI UNITI
Z216;FILIPPINE
Z218;GAZA (TERRITORIO DI)
Z254;GEORGIA
Z260;GERUSALEMME
Z219;GIAPPONE
Z220;GIORDANIA
Z221;HONG KONG
Z222;INDIA
Z223;INDONESIA
Z224;IRAN
Z225;IRAQ
Z226;ISRAELE
Z255;KAZAKHSTAN
Z256;KIRGHIZISTAN
Z227;KUWAIT
Z228;LAOS
Z229;LIBANO
Z231;MACAO
Z230;MALAYSIA
Z247;MALAYSIA
Z232;MALDIVE
Z233;MONGOLIA
Z206;MYANMAR
Z234;NEPAL
Z235;OMAN
Z236;PAKISTAN
Z237;QATAR
Z213;REPUBBLICA DI COREA
Z210;REPUBBLICA POPOLARE CINESE
Z214;REPUBBLICA POPOLARE DEMOCRATICA DI COREA
Z238;RYUKYU (ISOLE)
Z239;SIKKIM
Z248;SINGAPORE
Z240;SIRIA
Z209;SRI LANKA
Z257;TAGIKISTAN
Z217;TAIWAN
Z161;TERRITORI DELL'AUTONOMIA PALESTINESE
Z241;THAILANDIA
Z242;TIMOR ORIENTALE
Z243;TURCHIA
Z258;TURKMENISTAN
Z259;UZBEKISTAN
Z251;VIETNAM
Z245;VIETNAM DEL NORD
Z244;VIETNAM DEL SUD
Z246;YEMEN
Z250;YEMEN REPUBBLICA DEMOCRATICA POPOLARE
Z301;ALGERIA
Z302;ANGOLA
Z303;BASUTOLAND-SUD AFRICA BRITANNICO
Z304;BECIUANIA-SUD AFRICA BRITANNICO
Z314;BENIN
Z364;BOPHUTHATSWANA
Z358;BOTSWANA
Z354;BURKINA FASO
Z305;BURUNDI
Z306;CAMERUN
Z307;CAPO VERDE
Z309;CIAD
Z367;CISKEI
Z310;COMORE
Z311;CONGO
Z370;CONGO BELGA
Z313;COSTA D'AVORIO
Z336;EGITTO
Z368;ERITREA
Z349;ESWATINI
Z315;ETIOPIA
Z316;GABON
Z317;GAMBIA
Z318;GHANA
Z361;GIBUTI
Z319;GUINEA
Z320;GUINEA BISSAU
Z321;GUINEA EQUATORIALE
Z323;IFNI
Z322;KENYA
Z359;LESOTHO
Z325;LIBERIA
Z326;LIBIA
Z327;MADAGASCAR
Z328;MALAWI
Z329;MALI
Z330;MAROCCO
Z331;MAURITANIA
Z332;MAURITIUS
Z360;MAYOTTE
Z333;MOZAMBICO
Z300;NAMIBIA
Z334;NIGER
Z335;NIGERIA
Z369;NYASALAND
Z308;REPUBBLICA CENTRAFRICANA
Z312;REPUBBLICA DEMOCRATICA DEL CONGO
Z324;RIUNIONE
Z338;RUANDA
Z362;SAHARA MERIDIONALE
Z363;SAHARA SETTENTRIONALE
Z339;SAHARA SPAGNOLO
Z340;SANT'ELENA
Z341;SAO TOME' E PRINCIPE
Z343;SENEGAL
Z342;SEYCHELLES
Z344;SIERRA LEONE
Z345;SOMALIA
Z347;SUD AFRICA
Z907;SUD SUDAN
Z348;SUDAN
Z350;TANGANICA
Z357;TANZANIA
Z346;TERRITORIO FRANCESE DEGLI AFAR E DEGLI ISSA
Z351;TOGO
Z365;TRANSKEI
Z352;TUNISIA
Z353;UGANDA
Z366;VENDA
Z355;ZAMBIA
Z356;ZANZIBAR
Z337;ZIMBABWE
Z529;ANGUILLA
Z532;ANTIGUA E BARBUDA
Z500;ANTILLE BRITANNICHE
Z523;ANTILLE BRITANNICHE
Z521;ANTILLE BRITANNICHE
Z501;ANTILLE OLANDESI
Z502;BAHAMAS
Z522;BARBADOS
Z512;BELIZE
Z503;COSTA RICA
Z504;CUBA
Z526;DOMINICA
Z506;EL SALVADOR
Z507;GIAMAICA
Z524;GRENADA
Z508;GUADALUPA
Z509;GUATEMALA
Z510;HAITI
Z511;HONDURAS
Z530;ISOLE CAYMAN
Z519;ISOLE TURKS E CAICOS
Z525;ISOLE VERGINI BRITANNICHE
Z513;MARTINICA
Z514;MESSICO
Z531;MONTSERRAT
Z515;NICARAGUA
Z516;PANAMA
Z517;PANAMA ZONA DEL CANALE
Z518;PUERTO RICO
Z505;REPUBBLICA DOMINICANA
Z533;SAINT KITTS E NEVIS
Z527;SAINT LUCIA
Z528;SAINT VINCENT E GRENADINE
Z520;VERGINI AMERICANE (ISOLE)
Z600;ARGENTINA
Z601;BOLIVIA
Z602;BRASILE
Z603;CILE
Z604;COLOMBIA
Z605;ECUADOR
Z606;GUYANA
Z607;GUYANA FRANCESE
Z609;MALVINE O FALKLAND (ISOLE)
Z610;PARAGUAY
Z611;PERU'
Z608;SURINAME
Z612;TRINIDAD E TOBAGO
Z613;URUGUAY
Z614;VENEZUELA
Z400;BERMUDA
Z401;CANADA
Z402;GROENLANDIA
Z403;SAINT PIERRE E MIQUELON
Z404;STATI UNITI D'AMERICA
Z100;ALBANIA
Z101;ANDORRA
Z137;ARMENIA
Z102;AUSTRIA
Z141;AZERBAIGIAN
Z103;BELGIO
Z139;BIELORUSSIA
Z153;BOSNIA-ERZEGOVINA
Z104;BULGARIA
Z105;CECOSLOVACCHIA
Z149;CROAZIA
Z107;DANIMARCA
Z144;ESTONIA
Z154;FEDERAZIONE RUSSA
Z109;FINLANDIA
Z110;FRANCIA
Z136;GEORGIA
Z112;GERMANIA
Z111;GERMANIA REPUBBLICA DEMOCRATICA
Z113;GIBILTERRA
Z115;GRECIA
Z116;IRLANDA
Z117;ISLANDA
Z122;ISOLA DI MAN
Z108;ISOLE FAER OER
Z118;IUGOSLAVIA
Z152;KAZAKHSTAN
Z142;KIRGHIZISTAN
Z160;KOSOVO
Z145;LETTONIA
Z119;LIECHTENSTEIN
Z146;LITUANIA
Z120;LUSSEMBURGO
Z148;MACEDONIA DEL NORD
Z121;MALTA
Z140;MOLDOVA
Z123;MONACO
Z159;MONTENEGRO
Z124;NORMANNE (ISOLE) O ISOLE DEL CANALE
Z125;NORVEGIA
Z126;PAESI BASSI
Z127;POLONIA
Z128;PORTOGALLO
Z114;REGNO UNITO
Z156;REPUBBLICA CECA
Z129;ROMANIA
Z130;SAN MARINO
Z158;SERBIA
Z157;SERBIA E MONTENEGRO
Z155;SLOVACCHIA
Z150;SLOVENIA
Z131;SPAGNA
Z106;STATO CITTA' DEL VATICANO
Z132;SVEZIA
Z133;SVIZZERA
Z147;TAGIKISTAN
Z151;TURKMENISTAN
Z138;UCRAINA
Z134;UNGHERIA
Z135;UNIONE REPUBBLICHE SOCIALISTE SOVIETICHE
Z143;UZBEKISTAN
Z700;AUSTRALIA
Z701;CAROLINE (ISOLE)=STATI FEDERATI DI MICRONESIA
Z702;CHRISTMAS (ISOLA)
Z704;FIGI
Z705;GILBERT E ELLICE (ISOLE)
Z706;GUAM (ISOLA)
Z707;IRIAN OCCIDENTALE
Z721;ISOLE CILENE (PASQUA E SALA Y GOMEZ)
Z703;ISOLE COOK
Z711;ISOLE MARSHALL
Z722;ISOLE PITCAIRN
Z724;ISOLE SALOMONE
Z729;ISOLE WALLIS E FUTUNA
Z731;KIRIBATI
Z708;MACQUARIE (ISOLE)
Z709;MARCUS (ISOLE)
Z710;MARIANNE (ISOLE)
Z712;MIDWAY (ISOLE)
Z713;NAURU
Z714;NIUE
Z715;NORFOLK (ISOLE E ISOLE DEL MAR DEI CORALLI)
Z716;NUOVA CALEDONIA
Z718;NUOVA GUINEA
Z719;NUOVA ZELANDA
Z717;NUOVE EBRIDI (ISOLE CONDOMINIO FRANCO-INGLESE)
Z734;PALAU
Z730;PAPUA NUOVA GUINEA
Z720;PAPUASIA
Z723;POLINESIA FRANCESE (ISOLE)
Z726;SAMOA
Z725;SAMOA AMERICANE (ISOLE)
Z735;STATI FEDERATI DI MICRONESIA
Z727;TOKELAU O ISOLE DELL'UNIONE
Z728;TONGA
Z732;TUVALU
Z733;VANUATU
Z900;DIPENDENZE AUSTRALIANE
Z901;DIPENDENZE BRITANNICHE
Z902;DIPENDENZE FRANCESI
Z903;DIPENDENZE NEOZELANDESI
Z904;DIPENDENZE NORVEGESI ANTARTICHE
Z905;DIPENDENZE STATUNITENSI
Z906;DIPENDENZE SUDAFRICANE
Z800;DIPENDENZE CANADESI
Z801;DIPENDENZE NORVEGESI ARTICHE
Z802;DIPENDENZE RUSSE